feature_0,feature_1,feature_2,feature_3,feature_4,feature_5,feature_6,feature_7,feature_8,feature_9,feature_10,feature_11,feature_12,feature_13,feature_14,feature_15,feature_16,feature_17,feature_18,feature_19,feature_20,feature_21,feature_22,feature_23,feature_24,feature_25,feature_26,feature_27,feature_28,feature_29,feature_30,feature_31,feature_32,feature_33,feature_34,feature_35,feature_36,feature_37,feature_38,feature_39,feature_40,feature_41,feature_42,feature_43,feature_44,feature_45,feature_46,feature_47,feature_48,feature_49,feature_50,feature_51,feature_52,feature_53,feature_54,feature_55,feature_56,feature_57,feature_58,feature_59,feature_60,feature_61,feature_62,feature_63,feature_64,feature_65,feature_66,feature_67,feature_68,feature_69,feature_70,feature_71,feature_72,feature_73,feature_74,feature_75,feature_76,feature_77,feature_78,feature_79,feature_80,feature_81,feature_82,feature_83,feature_84,feature_85,feature_86,feature_87,feature_88,feature_89,feature_90,feature_91,feature_92,feature_93,feature_94,feature_95,feature_96,feature_97,feature_98,feature_99,label
0.04886007032570433,-0.7019916878067554,-0.5574917850078336,0.0760053914124115,-0.2949496782920278,-0.7355299425897666,-0.6734906242438685,-1.092312764672579,0.9638791167949097,-1.9937356425714554,2.6017891417726253,0.3098207102270275,1.6777008140764407,7.026452960114447,0.14171691363990474,-0.14700200162848862,1.6725723868377034,-0.5816809139486437,0.27899416222380197,1.2360931752104374,0.03150808729578114,-0.429405541125253,-6.170102006958445,2.319329539981694,-0.3791277409874871,-4.48692157228832,-0.12982069973342616,0.5387559924463692,6.95201900089772,0.03408346825922607,2.5797093376543185,-0.8036745679697308,0.8335289616089246,0.04059169120388238,1.6391168054440675,1.7495767431869393,0.169360824036078,-0.11122606134870032,-1.5558956462036273,-0.1852876588777083,0.82203128185967,0.5583269125217224,0.2337859117907477,1.6030887023093563,-0.6929051977959073,-2.658020110597175,0.39331783939437187,1.2276689924732922,-0.8353470532597573,0.37405656984757213,-0.692794192537344,-1.4137144969049802,1.0815491013179566,0.41379909745149823,-3.571834528680715,0.33088023221445706,-1.4026052717996935,0.8949243769444413,-1.243863235391285,-1.3698029795790778,0.5689830791852754,-0.20358036010236177,1.2130976999791834,0.12229750303228377,-3.0797902771297543,-4.484389070506117,-0.7699732310586418,-0.09407270125211276,-1.0147567306928669,-0.7050118557584089,0.22391413406466143,-0.9039076414647897,1.8363527401060087,2.2105230015913513,1.24928758295271,-0.6492775450660071,0.609138120907177,-1.2096410186912054,0.4190190093660452,-0.6629009175509482,1.091310120594269,0.6337768809320985,-0.3164084496948019,1.2477420726737338,2.1451491277733883,0.0438114719791096,-3.8558712478620447,-0.5535882417079946,-0.9206735930793662,-1.6406098541784233,-1.1875984190295128,1.3641404299738442,-0.7184072655691974,-3.598871481899688,-0.08828204835125482,-0.05576907765770601,-1.2239402667622565,0.5432980290363879,0.12522450264790727,1.628396623128538,1
1.633431532301096,0.30263546523903323,-0.9913923494563072,1.3920022863445993,-0.24415663529064868,0.5500520990245519,1.1894704889246406,-0.6013676439512137,1.5945050632249722,0.10420110395187607,1.3322813100620963,1.3757068133116195,-0.6881503451777238,-2.2652785513473095,0.440474737960399,-1.4400508825942944,-1.6929568141953855,-1.389572466763596,-1.2276078151369925,-0.9683444548636353,-2.6963798627500437,1.1870303055603801,-3.968644151122764,-0.019637798926681216,-2.499405714873573,-3.3974304920682807,0.015579047581467534,0.918316606002313,-0.01955652855610197,1.3842728185105182,-1.3230897934074983,1.642015160136369,0.2811914239693758,-1.146345393018688,1.0098170893426341,0.3287624103034804,-0.9896281365703375,-0.9824873935383096,0.8534155587803077,-0.1730718242838696,0.09064163389168489,0.17989415115347845,0.594754341665286,0.9999356063077441,0.42192075423528475,-0.19884477039299445,0.5524899544171478,-0.7539645888666763,0.597400069849858,-0.06259312789952241,-1.4872393940865714,0.9407711879882159,-2.412038257641088,0.12557645347154225,-0.47618109899537187,0.7589285897867651,-0.06413834659299254,0.45353430151397983,0.32135721545027307,-2.153390113603715,0.9817654869915943,2.2909425725907417,-1.5929937335316693,0.6387302220291846,0.9252300944140004,-1.6850439782103146,0.5639091200523596,1.4007526775527626,-1.6453987469568918,-0.9885911071509175,0.2010990467149675,-0.2246331499970246,-2.158290043253016,-0.8469613483183278,3.082327431519603,1.0225704320096403,-1.3340254949182044,-0.28067507686677406,-0.09833962679474989,-0.7542758500193579,0.1053755061459599,-0.15005558703252672,0.31978193414253697,0.9640871682883573,0.7011727423108983,-1.0962750868952018,-3.3218696768621863,2.2524358053443088,-1.570500603623177,0.9977124873402395,-0.29756350335999193,1.050654396007612,1.613711269058647,-0.2761124204245854,-0.6389617476895022,-1.103589317215771,2.439752406339273,-1.1430049127304835,1.1055259329579838,-0.32483138350862245,1
0.17086543812794186,0.01843393306539316,-0.9232332461109043,-1.3353443587101013,1.0291556373256436,-0.07016571145864703,0.25602973431387566,0.27157883719537346,-0.6115178029919482,0.632407739055521,4.050029393997195,-1.2795769667357015,0.4933179008808892,1.5721824750898847,1.0531528533329035,-0.7553829323533225,-0.7271371758248686,2.5600845382687947,0.9826909839455139,-1.6609609335159914,0.8271139568755822,-1.7101683926566256,0.8959966281496743,-0.03955515385665504,-0.5756378262377739,-1.0953910392415167,-0.7257438131534656,0.3801978510059632,4.1619356858285315,-0.0349884904969617,1.0536417966078395,-0.949398888831943,-0.5624667758942676,-0.18398333635267913,2.632382064837391,-0.7783047254023127,0.5597904479310398,0.8339221545489041,1.8124485579969287,0.517659020469123,-0.0878403415993727,0.17770100093325383,-0.6269670577877674,-1.5732836179353202,-0.978372777615032,6.225912623622582,0.6815006973726244,0.6218099622171964,1.6654744444625766,0.9725544496267299,1.9978332079802725,1.0807807255546218,1.8406719378848966,0.026091050210833786,-1.26933458927843,0.7077519354554754,-0.5397596803093615,-1.7025836042378404,0.19584525509768155,-1.3516846056163336,-0.8583577801812136,0.12200981464536144,-1.0810565404082624,-1.348185422105713,3.181468285669391,1.7660091261741298,1.77080063563551,3.726251822921939,-0.09605989972464987,-0.07443342910004629,-0.36361221221385587,0.4591800792284367,0.9298386480307489,-1.4066610968482223,-1.3505555856430171,1.1492733262856758,0.20768768716311115,-1.5702247198904564,-0.24751863555150475,0.34758170536167105,0.42961821913258585,-0.6248185776956788,-1.2767485758203094,0.472597482413043,1.0143700650181304,0.18676676447707832,-0.10224675125703227,0.1848361236948739,0.6105857452838231,-9.108772279239021,-1.8408742313316453,-0.056945623721067457,0.40825275571447184,-0.009794579483217936,-0.9758732529773327,0.620672097550678,-0.7031764251258874,0.743264094022715,0.3078017688920592,0.7003098794089914,1
-0.17262729994081963,0.6523228784134196,-0.04692057887918407,-2.8962553781936893,-0.5503051538454201,-0.6237689606958051,-0.025554070991445278,0.8700677306887542,-0.46770120131189136,0.7276295436369798,-1.1573699850336123,-2.8485426206300755,-1.556581898659751,3.0485964462147033,0.3649610024662254,1.1608267873785194,0.07863519031609059,-0.3216350512173826,1.1727290192593647,1.9140313538667861,3.381917605674091,-0.45888426286894,-1.6760112432144267,2.403415585238275,-0.3486521344078592,0.26959210156966,-1.1196698946261439,2.0883747047807275,4.596667438553158,1.0302834540318422,-1.2829922241885696,0.99626681944714,-0.03722223650984159,0.8836599374866724,-0.4937565831613125,1.3800913541474515,1.1081828167375165,0.6127739050625697,-0.19634984908497827,-0.36244094140313216,-1.1861760120095677,0.9980101098596522,-0.2590421458207031,1.3848924518542827,0.39580353343740904,-1.662734552693651,-0.05761879703358539,0.7326400772155792,0.5436001545944323,0.05194588580729943,1.7875625726960673,-1.0399059271255309,2.2420392214220355,-1.7397137787780996,-1.5699718522595352,-0.07160125941406395,1.4765403497258958,0.2606737658239071,-0.6255627015095294,0.47704082722312147,1.5007597906343109,-0.3492577043184288,0.15041890514357642,1.0786808334312956,-2.9943856294417577,3.5851320600215186,0.23878915902651351,1.1844401419346688,2.076747983560841,0.9163276747024814,0.22445181855997204,-1.0534155631736561,-0.4671502394921038,0.3465038817307158,-4.039973075833968,0.38193545223155334,0.21743287317972287,-0.08071658010858232,-1.9982006845321076,-1.5763921569842494,-0.19068240076334658,1.1487657003721035,0.49568188797260465,-0.6716233679380516,-0.37061433208610595,-1.2946814757209058,2.85235862276627,-0.4281151609659125,-0.13958962815517376,-8.223413442738723,0.7716987106483447,1.0470983026121545,0.4940301862827388,2.172970400476295,0.07682189106025536,0.3464884758979927,0.43004164719106963,-0.03850846950070721,1.6839276914578687,0.8502217421134929,0
0.6818914896263114,0.5839281853259639,-0.30777823495300083,0.8724573282801447,1.3821589910375272,-0.045586016355497805,-0.16711808031685435,-1.251539424190444,0.6454841811410754,-1.448013900416244,0.19153498373801292,-0.3933388123273607,0.6078965097165392,-2.1177214641962094,1.1172958315881276,0.7462535660272207,-1.0212328171307132,0.132969674146876,0.14671368643332283,0.24333944932269183,2.2736078862331524,-0.5308687729203206,0.38806666631773123,0.34272534637770413,1.073631749859772,-0.1674371710473748,0.04643654815614881,0.650201177958661,-4.163789406123648,-0.5589218472715883,1.5774532797634744,-0.0952955323869521,1.8811570694405901,1.8467073257360336,0.27902152577033923,1.1087035805829077,1.8466369960476658,-1.5255251709247388,-0.0657502610729878,0.19109906801990334,0.7398492749952805,-1.2803043986708944,1.5655240292343404,-2.287533885322418,0.5072740311072977,4.4337925088881684,0.4567532191537839,0.4400144500533324,1.2065089665083568,-2.198805956620082,0.47690912479965475,-1.0700847663261526,0.8643174734490559,1.2784518626072987,-0.3936670684881226,-0.5551995266931984,0.5906548306923093,1.1692955904456728,0.820482181197364,0.21915032766393897,-0.44643361455052827,-1.0265152994110602,-0.0821511783925688,-0.48943944251822213,1.2879139907014503,2.3612734831225572,0.37721187506452086,-0.1207374125203684,-0.7001208149391732,0.24380071377119883,-0.016422896072752075,-0.6919080698812444,0.4924428427799211,2.16325472330546,0.06246378400688668,1.1950466289248425,0.3520553965142968,-0.5020542243526112,0.7083564472993533,-0.35929209078705954,-0.24123605785632987,0.028744822934817487,1.4437646040732595,0.6487098875896427,-0.8169356709872361,-1.3598561409799192,0.6310017001749559,0.1866091231563581,-0.09917586377938291,-3.2789205529515937,0.3686733088729012,1.188393273448084,1.066674689589154,2.456070061464681,0.24938368371075526,-0.5640786307367284,-1.5231869047837747,1.044160877069072,2.5269324258736217,0.19408999289830758,1
-0.08973569428722672,-0.6763923020592697,0.20838280794755248,-0.573700003938579,-0.4461834332147797,0.6135179727304166,-0.4523063192490767,0.39922312260527926,-0.22096417382966393,2.0752608726252655,-2.1554488472725275,0.42545756178496474,1.7976865268495226,-0.9587937377941971,1.5739867632900328,0.8773622905756714,-0.6514180036144483,0.05963036992017413,-2.4238793266289567,-1.0227925651984056,-2.0424657320162902,1.3291525301324314,-1.5635235078739338,-1.2257656630023412,1.3993554365860021,-1.2993490727952723,-1.1583646891925428,-0.02435459226098284,-3.4439374810117913,0.8951932200277323,-0.6819842479977986,-1.0016200098949155,0.19759960469239965,1.4401172154494728,-0.2811002928859549,-1.4307751021180481,1.7275431701007113,0.03800347816820029,-0.535235211560568,-0.0036025390905684044,2.2130523736631798,0.5228354880354996,1.0495527153193351,0.906482782496267,-0.6810516574748808,-1.2923307408467315,-1.4643748802098202,1.7359638031652493,-1.5839028234857233,-0.6891878180895679,0.13188795328800706,0.4363236696740321,-6.6181992371213125,-0.047711356141979855,2.287047858250949,1.3173940656343257,-0.04015795064434341,-0.6526239793023909,0.12810441491078928,-2.0417348684242906,-0.5711789897827968,0.9246336829127688,-0.483186462299374,0.19652116970147013,-2.347625133406301,1.8005774984182028,0.6351718016819695,2.1296290333396186,-0.6469367777055739,-0.32034730819432017,0.5697672802322039,0.1200313267182613,-3.407749000018088,0.02688583899453078,1.0295767891944962,0.6982233136135899,-1.6685840738775894,0.1979107834626478,-0.48388583405432156,1.8009404329108156,-0.2573765374233451,-0.966976143129213,0.647195939702741,-1.889540730945531,0.7604146561442974,1.5033983017671506,-2.1857067542202926,0.6408428612670098,2.1422703586118637,-0.6449528209421768,0.7858001586508322,0.44770856001731496,0.8406435489887241,3.945893413106346,-0.24717738252059693,0.4241659464019164,0.3934853854217496,0.7090037575885123,0.6427227598675439,0.5725827813561586,0
-0.7563507452843033,-0.6465728842425266,0.2704568257798388,-1.129706854657618,1.5231240772696573,0.37114587337130883,-1.0372461543264564,1.1677820616598074,0.04852162794482699,-0.06607979864731657,1.1937365167230345,1.9094166404701305,0.5009171876243808,3.465040874326263,-0.4118769661224674,-0.863990769679816,-0.8604133652839524,-0.6626237589458467,-0.1903386780836082,-0.6039851867158206,1.527973057209137,-0.9555404406004258,0.8299765913158855,-0.48760622407249354,-1.6694052811213718,3.5940947153986897,-0.48712538376469605,0.5298041779152828,3.4324125348370536,-1.6275424378831627,-0.9075636620415979,-0.5767713305683327,-1.6615200622689599,-1.4222537095976742,0.755391225825756,0.8816397569494505,-2.4716445001272893,0.57707212718054,-0.9043166251044086,-0.6506425691218269,-1.367845356124739,0.8356921120651418,0.25972250172148187,-1.8303203495907336,1.4799441388900259,-0.3120249874564479,-0.4325581878196209,-0.6518361078021592,-0.8756182533847572,-1.2110161997624567,-0.7415605708782886,-0.7968952554704768,3.6545700144897113,0.5629692366905709,-1.2124980616911079,0.6385924587773739,1.6871416350725648,-0.8612842013282637,-0.007972641316617372,-0.05023810944913695,0.09933230542922587,0.543360192379935,0.3376026620752022,-1.6064463202575725,-2.0286433362119323,-2.9389081822969914,0.048084946661381994,-1.427097215830152,0.5705986685931593,1.0062928092144405,3.0788808084552377,-0.2030453860429927,3.0677749859275765,-0.8309501164110378,-2.1844580016424935,-0.7632591565425169,-0.15567723539207948,0.047398671316414016,-0.38455554422982535,-1.081548003614395,0.08658978747289992,-1.3985675738191412,0.2544208433012131,0.5389100436846587,-1.382799730964336,-0.5923939242388692,2.6763158988126348,-0.977555244798551,1.4415686206579004,0.5655862022372158,0.9261775475316414,1.1195749114345768,0.0773683076476183,-1.3019173557506085,-0.23894804686640975,-0.5768918695231487,-1.804882100664519,0.2034636358672231,-0.12791759148076653,0.751387123371789,0
-0.24574306408594432,-2.6968866429415717,1.246085192497629,1.0490092258368893,2.5733598032498604,-2.081929407883722,0.013929291912946203,-0.5449190868089497,-2.650969808393012,-1.0810633275998973,0.8459930814488309,-0.5468589412403921,-1.1105758454658288,2.6584809858691667,1.1033018820165215,1.5039929885826886,0.326133022242118,-0.5245202662797737,-0.024125087110003277,1.6964563682900382,2.1854552396627116,1.669021525289393,-3.89259312967738,0.11422764866203965,0.7216720640432351,-7.067099112471309,0.10643022769189683,-0.7043436905427592,0.8131049374719377,-0.24032539815813503,-0.37144086599579146,-1.4075116947178212,1.159329803364248,-0.2727235697476705,-0.7778166875908753,0.6962063648134184,-1.5566291735239037,-1.280429352496283,0.44426331148603976,-0.7128457826771644,3.356066170176206,-0.5227230205190395,0.7109599682034915,2.0338268843102156,1.1265650295477574,-3.383554165511272,0.1503017614618776,0.5931012579683838,0.19808476076785494,0.6159356069442637,-2.456685106826397,0.6060099513456396,5.787869720366556,-0.543424771133765,-2.3077135848432815,-0.3609661658190799,-0.23093453020867796,-1.1065259087416703,1.8489560949453452,-2.0733902324081495,0.9356783931474612,-1.1290517712172292,-0.037634702424848364,-0.2595913513636048,0.960726491508052,5.463022520398616,-0.3748208075495975,-0.0726197659832285,0.48937456122791806,0.924027019206901,-1.2899608997410539,1.7547941819843647,2.4761318278290725,1.0915068519224618,0.5563799069326811,-1.2221278088919454,-0.09671311187039239,-0.3095464393139903,-1.251113576385303,-0.05429486651781221,0.2110174672026184,-0.03275327021599839,0.39913611435207086,0.05921843401448826,-0.14436041192394247,-0.2549772174208553,-5.100270706295204,1.7522704434236227,-1.4084612963635597,-1.899144636964928,-0.5736620068802363,-1.295078772063616,-0.26888869055483056,-2.297471144068586,-0.34268759408034877,-0.18490213644298903,0.7129984301723881,-1.5031429531181062,-0.3357846992901282,1.2715550949941588,0
1.2012139221639448,-2.038124535177854,0.07156623721939247,0.4714683571359957,0.8294055811834892,0.055724912288694604,0.23561455810856594,-0.15800789857898942,0.8303358165442456,0.2799686263198203,-0.08251200742465947,-0.4152879139008013,-0.26987493529337125,1.9193731803149114,-1.6548566718657693,-0.8498443694647918,0.10939479460489289,0.8696059201056602,0.7708651938869668,1.0941915184709485,8.816015329404792e-05,2.075400798645439,-1.9252538892538014,0.8231705839619146,0.7569886166453519,-5.604308573728914,0.24822058630033608,1.8820244964750337,-3.7583201549348595,-0.773789199103573,0.3336621052869483,1.0375399442578992,-0.05558467091045507,-0.4080753730215514,-0.510016398854747,-0.35151348404130867,1.593186626639397,-0.9896048202585809,1.496044311489183,0.18186625505849516,4.965109871853395,-0.7904744554453119,-1.7787202489042786,3.1720988227502507,1.6764373122752827,-2.8630410202446384,0.07331796718840389,2.4457519796168263,-1.4785862457798415,-1.1254890472983765,-0.9035187965870346,-0.5112156764311852,-1.1891414558868754,2.270692857804396,1.0013921027796524,0.6543656563540577,-1.8707919210258557,-0.21910052880886424,0.0184183791895517,-0.4776574467651167,-0.4442932600761116,-0.9221653241776254,-1.0121043752601675,0.8711247034316923,1.4085188215660178,4.038861080540575,-1.244654703311417,-1.645286121782371,1.355637858804951,0.4810092317367132,0.39445214237829684,-0.12578692009964815,2.461488545854099,-0.8560838259088672,2.1624367053444447,0.41343490322370086,1.5295503194606137,0.1292211819752275,0.725766623898692,-1.008086310917404,-1.6924646297148194,0.6327818661062848,-0.42688106994742003,-2.211135309007885,1.143754043206929,-0.4593608995402441,-8.084705334063367,-0.9787637157823074,1.3454200461549777,1.7573953717172603,0.3384964074944141,-0.42098448082026296,0.32692737376416264,-1.6100754661530445,0.47897982574639186,0.22388402427913137,1.876795812558066,-0.32602353216784113,0.2897748568964129,0.3773004930448522,0
-0.4344962274323156,0.22213377163371284,-1.344450511034277,-1.515744114997232,1.0318445394686349,0.6585442726728304,0.26705026586925884,-1.3793192280145272,-0.42018681709585726,-0.6373871273065177,-1.0655748292345293,1.40934744018558,1.5505004928140769,-1.4713859354061591,1.7945578635177877,-0.5228600271532683,-0.8323555731042287,-1.1227220215622986,0.889630795623437,2.0102045387663496,-0.799764580955751,-0.5160447282173739,-0.44535777423378564,-0.5176112990361714,-0.04946370965243295,1.9092099350096745,1.453384477117701,1.5475052013300616,6.843023005931473,0.2891686439078181,-0.7677975651041284,-0.03468488738678118,-0.5554771191602547,-0.30917212346863937,0.23421473253652075,-0.8946073022195039,-0.6127886904843862,0.28586539072490497,-0.5309969550018176,-0.4455025214007718,-4.525314880505147,0.2029230208512997,-0.637739984251316,0.8254687193714294,-0.4397310582741749,-3.99133983054781,0.2237879516388985,1.4205042479898549,0.08228398927542419,1.1890165311075518,0.7653001222115262,-0.38770155993598415,2.7116437839922374,-0.36283856043965906,-2.741615817713043,-0.6231405264247644,1.2557561255735208,0.19655477651157463,-0.18687164416135904,-0.9186519464841982,0.9843223984765838,0.6748194921666038,-0.033126972873797095,0.09612077694098337,-0.3118272109245164,-1.9451315800347164,2.4553001399108942,0.24446205263999066,0.3824097461840506,-0.5522230442809712,0.028318376130461172,0.334456789987025,-4.929913872865059,-0.2817846088605072,-3.0722598506531864,0.1664522082130561,-0.7982972445384537,-0.5707462937494763,0.4714155563864041,-0.4787486216634773,-0.1769472274940494,2.2988981236192503,-0.7309300399419191,-1.485560373036972,1.0654803750653512,1.5795721457307124,5.227892435631141,-0.998354040738791,1.7958776730955217,-1.7169220661169722,-0.5172884501003722,0.02975613949574519,1.4469778843537329,0.04098916532410102,-1.0041407667520679,0.6329318177555108,0.4924512640081491,-0.4622752887050425,0.9382838059759977,-0.21398884422550896,1
